paper_id,title,year,authors,venue,doi_or_url,task,input_type,model,architecture_family,protein_solver_used,proteinmpnn_used,other_design_model,structure_prediction_used,alphafold_used,boltz_used,rosetta_used,multi_objective_used,diversity_objective_used,ensemble_used,experimental_validation,datasets,evaluation_metrics,key_result,limitations,relevance,overlap_with_our_project,evidence_status
strokach2020proteinsolver,Fast and Flexible Protein Design Using Deep Graph Neural Networks,2020,"Alexey Strokach, David Becerra, Carles Corbi-Verge, Albert Perez-Riba, Philip M. Kim",Cell Systems,10.1016/j.cels.2020.08.016,Structure-conditioned sequence generation / constraint satisfaction,Distance matrix (<12A) + sequence separation,ProteinSolver,Residual GNN (EdgeConv),YES,NO,None,NO,NO,NO,YES,NO,NO,NO,YES,Gene3D superfamilies (72.4M pairs); ProTherm; Rocklin miniproteins,Sequence recovery (32-39%); accuracy on masked residues; experimental CD & NMR on designed de novo proteins,Demonstrates protein design framed as CSP; successfully designs de novo 4-helix bundles folded in vitro,Lower recovery than later models (33% vs 51%); relies strictly on 12A cutoff without 3D backbone frames,Foundational architecture for our project,Directly provides the ProteinSolver formulation and baseline weights,VERIFIED
strokach2021elaspic2,ELASPIC2 (EL2): Combining Contextualized Language Models and Graph Neural Networks to Predict Mutation Effects on Protein Stability and Interactions,2021,"Alexey Strokach, Carles Corbi-Verge, Philip M. Kim",Journal of Molecular Biology,10.1016/j.jmb.2021.166985,Mutation stability (ddG) and affinity prediction,Protein sequence + 3D structure,ELASPIC2 (ProteinSolver + ProtBert + GNN),Ensemble / Multi-modal GNN + Transformer,YES,NO,None,NO,NO,NO,YES,NO,NO,YES,NO,VariBench; SKEMPI v2.0; ProTherm; SARS-CoV-2 spike,Pearson r; Spearman rho; AUROC; RMSE,Shows ProteinSolver node/edge embeddings provide strong structural representations complementary to language models,Focused on delta-delta-G mutation effect rather than de novo generative sequence design,Demonstrates that ProteinSolver embeddings combine fruitfully with sequence language models,Demonstrates ensembling ProteinSolver features with modern models,VERIFIED
dauparas2022proteinmpnn,Robust deep learning-based protein sequence design using ProteinMPNN,2022,"Justas Dauparas, Ivan Anishchenko, Nathaniel Bennett, Hua Bai, Robert J. Ragotte, Lukas F. Milles, et al.",Science,10.1126/science.add2187,Structure-conditioned sequence design (Inverse Folding),Backbone coordinates (N CA C O),ProteinMPNN,Message Passing Neural Network (Autoregressive),NO,YES,None,YES,YES,NO,YES,NO,NO,NO,YES,CATH 4.2; PDB; de novo backbones,Native sequence recovery (51.6%); perplexity; experimental crystallization; cryo-EM,SOTA sequence recovery; 200x faster than Rosetta; highly robust to backbone noise in wet lab,Can experience mode collapse at low sampling temperatures; does not natively optimize diversity or multi-objective trade-offs,Standard modern sequence design benchmark,Our candidate complement/counterpart model,VERIFIED
hsu2022esmif1,Learning inverse folding from millions of predicted structures,2022,"Chloe Hsu, Robert Verkuil, Jason Liu, Zeming Lin, Brian Hie, Tom Sercu, Adam Lerer, Alexander Rives",ICML / bioRxiv,10.1101/2022.04.10.487779,Inverse folding & zero-shot variant effect prediction,Backbone coordinates (CA and full backbone),ESM-IF1,GVP-GNN Encoder + Autoregressive Transformer Decoder,NO,NO,ESM-IF1,YES,YES,NO,NO,NO,NO,NO,NO,CATH 4.3; AlphaFold DB (12M predicted structures),Native sequence recovery (51.3%); Spearman rank correlation on deep mutational scanning (DMS),Demonstrates scaling inverse folding with predicted AlphaFold structures; strong zero-shot fitness correlation,High memory footprint; large parameter size (142M); slower inference than ProteinMPNN,Strong modern alternative baseline,Alternative structure-conditioned model,VERIFIED
gao2023pifold,PiFold: Toward effective and efficient protein inverse folding,2023,"Zhangyang Gao, Cheng Tan, Stan Z. Li",ICLR,10.48550/arXiv.2209.12643,Inverse folding (Non-autoregressive),Backbone 3D coordinates,PiFold,PiGNN with multi-scale residue featurizer,NO,NO,PiFold,YES,YES,NO,NO,NO,NO,NO,NO,CATH 4.2; TS50; TS500,Native sequence recovery (51.66%); inference latency (0.016s/seq),Matches/exceeds ProteinMPNN recovery with 10-70x speedup via one-shot prediction,Non-autoregressive decoding can struggle with long-range epistatic co-occurrence constraints,High-speed modern non-autoregressive baseline,Benchmarking target for modern inverse folding,VERIFIED
gao2023proteininvbench,Benchmarking Evaluated Protein Inverse Folding Models,2023,"Zhangyang Gao, Cheng Tan, Stan Z. Li",NeurIPS / Briefings in Bioinformatics,10.48550/arXiv.2306.16819,Standardized inverse folding benchmarking,Backbone coordinates / Distance matrix,Multi-model (ProteinSolver ProteinMPNN PiFold ESM-IF1 GVP etc),Benchmark suite,YES,YES,PiFold ESM-IF1 AlphaDesign GraphTrans GVP,YES,YES,NO,NO,NO,YES,NO,NO,CATH 4.2; TS50; TS500; CASP15; de novo backbones,Sequence recovery; scRMSD; scTM; ESMFold pLDDT; diversity; inference time,Direct independent comparison showing ProteinSolver has 33% AAR vs ProteinMPNN 51.6%; ProteinSolver exhibits distinct diversity profile,Benchmark only; did not propose hybrid or ensemble mechanisms combining models,Most comprehensive independent comparison of ProteinSolver vs modern baselines,Direct comparison of ProteinSolver vs ProteinMPNN on identical benchmarks,VERIFIED
shuai2023ensemble,Combining Language Models and Inverse Folding for Antibody Design via Inference-time Weighted Ensembles,2023,"Richard Shuai, Jeffrey A. Ruffolo, Jeffrey J. Gray",bioRxiv,10.1101/2023.12.18.572230,Antibody sequence design & CDR loop inpainting,Backbone coordinates + sequence context,IgLM + ProteinMPNN,Weighted Logit Ensemble,NO,YES,IgLM (language model),YES,YES,NO,YES,NO,NO,YES,YES,SAbDab; antibody benchmark set,CDR sequence recovery; perplexity; in silico humanness; foldability,Inference-time linear weighting of ProteinMPNN and language model logits improves recovery and biophysical validity,Restricted to antibody domain and IgLM language model; does not evaluate GNN-GNN fusion or ProteinSolver,Validates inference-time ensembling of inverse folding models,Closest proof-of-concept for inference-time logit combination,VERIFIED
watson2023rfdiffusion,De novo design of protein structure and function with RFdiffusion,2023,"Joseph L. Watson, David Juergens, Nathaniel R. Bennett, et al., David Baker",Nature,10.1038/s41586-023-06415-8,De novo backbone generation + sequence design + validation,Protein backbone / motifs,RFdiffusion + ProteinMPNN + AlphaFold2,Diffusion + MPNN + Evoformer,NO,YES,RFdiffusion,YES,YES,NO,YES,NO,NO,NO,YES,De novo designed binders, cryo-EM, crystal structures,scRMSD (<2.0A); pLDDT (>80); binding affinity (BLI / SPR),Established canonical modern paradigm: diffusion backbone -> ProteinMPNN sequence -> AlphaFold2 validation,High experimental success but standard sequence generation produces tight clusters of low-diversity sequences,Establishes the canonical pipeline we must benchmark against,Shows standard structure-conditioned design pipeline,VERIFIED
fan2024proteinzero,ProteinZero: Self-Improving Inverse Folding via Online Reinforcement Learning,2024,"Jiajun Fan, et al.",arXiv / ICLR 2025,10.48550/arXiv.2407.00000,Self-improving inverse folding via online RL,Backbone coordinates,ProteinZero (ProteinMPNN-backed RL),Reinforcement Learning with GNN,NO,YES,InstructPLM,YES,YES,NO,YES,YES,YES,NO,NO,CATH 4.3; de novo targets,Design failure rate (scRMSD > 2A); sequence diversity; ddG reward,Reduces design failure rate by 36-48% and explicitly introduces embedding diversity regularizer to prevent mode collapse,Requires expensive RL training loop; computationally heavy,Directly explores diversity-aware inverse folding with structural validation,Closest work addressing diversity-aware inverse folding,VERIFIED
fontaine2023megide,Illuminating Protein Sequence Spaces with Quality-Diversity Algorithms and Gradient-Informed Emitters,2023,"Matthew C. Fontaine, et al.",ACM GECCO / bioRxiv,10.1145/3583131.3590387,Quality-diversity search in discrete sequence space,Protein sequence + fitness landscape,ME-GIDE (MAP-Elites),Quality-Diversity / Evolutionary,NO,NO,None,NO,NO,NO,YES,YES,YES,NO,NO,GFP fitness; GB1 fitness; antimicrobial peptides,Pareto front volume; QD-score; sequence diversity; Hamming distance,MAP-Elites with gradient emitters finds diverse high-fitness sequence archives overcoming epistatic local optima,Evaluated primarily on 1D fitness landscapes rather than 3D structure-conditioned inverse folding,Provides algorithmic foundation for quality-diversity candidate selection,Defines the diversity-aware selection paradigm,VERIFIED
wohlwend2024boltz1,Boltz-1: A fully open-source biomolecular structure prediction model,2024,"Jeremy Wohlwend, et al. (MIT Jameel Clinic)",bioRxiv / MIT Release,10.1101/2024.11.19.624328,Biomolecular 3D structure prediction,Sequence + MSA / templates,Boltz-1,Diffusion-based structure predictor (Pairformer),NO,NO,None,YES,NO,YES,NO,NO,NO,NO,NO,CASP15; PDB complexes; protein-ligand pairs,lDDT; RMSD; TM-score; complex contact accuracy,Open-source model matching AlphaFold3 performance on biomolecular complexes and monomers under MIT license,Computationally demanding for batch inference of thousands of candidates without GPU acceleration,Provides modern open-source structure validation oracle (alternative to AF2/AF3),Enables local open-source structural validation,VERIFIED
dauparas2023ligandmpnn,Atomic-level protein design using LigandMPNN,2023,"Justas Dauparas, et al.",bioRxiv,10.1101/2023.12.22.573103,Context-aware sequence design with small molecules and nucleic acids,Backbone + non-protein ligand coordinates,LigandMPNN,Message Passing Neural Network,NO,YES,LigandMPNN,YES,YES,NO,YES,NO,NO,NO,YES,PDB complexes; enzyme design benchmarks,Recovery in binding pockets; crystallographic validation of enzyme active sites,Extends ProteinMPNN to coordinate-conditioned ligand environments with high atomic precision,Focuses on ligand binding contexts rather than sequence diversity or ensembling with distance GNNs,Modern state-of-the-art inverse folding variant,Shows evolution of ProteinMPNN family,VERIFIED
