paper_id,ProteinSolver,ProteinMPNN,OtherInverseFolding,Ensemble,StructureValidation,AlphaFold,Boltz,Rosetta,MultiObjective,DiversityOptimization,CandidateRanking,ExperimentalValidation,ComparisonAgainstProteinSolver,CombinationClosestToOurIdea,NoveltyImplication
strokach2020proteinsolver,YES,NO,NO,NO,PARTIAL,NO,NO,YES,NO,NO,PARTIAL,YES,YES,NO,"Foundational CSP formulation. Solved sequence design via 12A distance graph GNN, but predated AlphaFold2 and modern MPNNs."
strokach2021elaspic2,YES,NO,NO,YES,NO,NO,NO,YES,NO,NO,PARTIAL,NO,YES,NO,"Demonstrates ensembling ProteinSolver with language models (ProtBert) for mutation stability prediction (ddG), but not de novo inverse folding or diversity optimization."
dauparas2022proteinmpnn,NO,YES,NO,NO,YES,YES,NO,YES,NO,NO,PARTIAL,YES,NO,NO,"Establishes state-of-the-art autoregressive MPNN. Demonstrates that 3D coordinate-invariant features outperform distance-only graphs on sequence recovery. Low diversity at low sampling temperatures."
hsu2022esmif1,NO,NO,YES,NO,YES,YES,NO,NO,NO,NO,NO,NO,NO,NO,"Demonstrates that scaling inverse folding on millions of AlphaFold structures yields strong zero-shot representations, but requires large compute footprint."
gao2023pifold,NO,NO,YES,NO,YES,YES,NO,NO,NO,NO,NO,NO,NO,NO,"Demonstrates that non-autoregressive GNNs with multi-scale residue featurization can match ProteinMPNN recovery with high inference speed."
gao2023proteininvbench,YES,YES,YES,NO,YES,YES,NO,NO,NO,PARTIAL,NO,NO,YES,PARTIAL,"Direct independent benchmark of ProteinSolver vs ProteinMPNN and other models. Proves ProteinSolver has lower AAR (33% vs 51%) but distinct diversity profile. Does not combine or ensemble them."
shuai2023ensemble,NO,YES,YES,YES,YES,YES,NO,YES,NO,NO,PARTIAL,YES,NO,PARTIAL,"Demonstrates inference-time weighted ensembling between ProteinMPNN and IgLM language model for antibodies. Shows logit combination is feasible and effective, but did not use ProteinSolver or general diversity frameworks."
watson2023rfdiffusion,NO,YES,NO,NO,YES,YES,NO,YES,NO,NO,PARTIAL,YES,NO,NO,"Establishes the canonical modern pipeline (RFdiffusion + ProteinMPNN + AF2). Proves that structure-conditioned design + AF2 validation works, but reveals need for greater candidate diversity."
fan2024proteinzero,NO,YES,YES,NO,YES,YES,NO,YES,YES,YES,PARTIAL,NO,NO,PARTIAL,"Introduces diversity-aware inverse folding via online RL with embedding regularization and multi-objective rewards (scRMSD + ddG). Proves diversity optimization is a critical open challenge, but uses costly RL rather than test-time ensembling."
fontaine2023megide,NO,NO,NO,NO,NO,NO,NO,YES,YES,YES,YES,NO,NO,PARTIAL,"Establishes Quality-Diversity (MAP-Elites) with gradient emitters for protein sequence spaces. Demonstrates Pareto-like quality-diversity archives, but evaluated on 1D fitness landscapes, not 3D inverse folding."
wohlwend2024boltz1,NO,NO,NO,NO,YES,NO,YES,NO,NO,NO,NO,NO,NO,NO,"Open-source structure predictor providing an accessible validation oracle to replace AlphaFold3 web servers."
dauparas2023ligandmpnn,NO,YES,NO,NO,YES,YES,NO,YES,NO,NO,PARTIAL,YES,NO,NO,"Expands ProteinMPNN to non-protein contexts (small molecules, nucleic acids), emphasizing atomic precision over diversity-aware sampling."
our_candidate_system,YES,YES,OPTIONAL,YES,YES,YES,YES,OPTIONAL,YES,YES,YES,NO,YES,YES,"PROVISIONAL RESEARCH EXTENSION: Evaluates whether ProteinSolver CSP scores complement ProteinMPNN in a post-hoc diversity-aware multi-objective ranking framework. High novelty risk if ProteinSolver adds only noise; viable gap if orthogonal constraint satisfaction improves candidate survival."
