target,frac_present_nominal,replicate,seed,seq_len,num_present,num_missing,num_correct_missing,identity_missing,num_correct_all,identity_all,mean_confidence
1n5uA03,0.0,0,42,92,0,92,38,0.41304347826086957,38,0.41304347826086957,0.4233708679676056
1n5uA03,0.5,0,42,92,42,50,25,0.5,67,0.7282608695652174,0.6750559210777283
1n5uA03,0.5,1,43,92,45,47,14,0.2978723404255319,59,0.6413043478260869,0.672537624835968
1n5uA03,0.5,2,44,92,40,52,16,0.3076923076923077,56,0.6086956521739131,0.6618661880493164
1n5uA03,0.5,3,45,92,47,45,22,0.4888888888888889,69,0.75,0.7221999764442444
1n5uA03,0.5,4,46,92,43,49,19,0.3877551020408163,62,0.6739130434782609,0.6843344569206238
1n5uA03,0.5,5,47,92,58,34,15,0.4411764705882353,73,0.7934782608695652,0.7626908421516418
1n5uA03,0.5,6,48,92,39,53,22,0.41509433962264153,61,0.6630434782608695,0.645695149898529
1n5uA03,0.5,7,49,92,51,41,17,0.4146341463414634,68,0.7391304347826086,0.7326765656471252
1n5uA03,0.5,8,50,92,49,43,19,0.4418604651162791,68,0.7391304347826086,0.7025947570800781
1n5uA03,0.5,9,51,92,40,52,24,0.46153846153846156,64,0.6956521739130435,0.6412466764450073
1n5uA03,0.5,10,52,92,44,48,21,0.4375,65,0.7065217391304348,0.6578347086906433
1n5uA03,0.5,11,53,92,44,48,16,0.3333333333333333,60,0.6521739130434783,0.6633632779121399
1n5uA03,0.5,12,54,92,47,45,25,0.5555555555555556,72,0.782608695652174,0.7227426171302795
1n5uA03,0.5,13,55,92,41,51,16,0.3137254901960784,57,0.6195652173913043,0.6543716192245483
1n5uA03,0.5,14,56,92,46,46,21,0.45652173913043476,67,0.7282608695652174,0.6816601753234863
1n5uA03,0.5,15,57,92,45,47,19,0.40425531914893614,64,0.6956521739130435,0.6765644550323486
1n5uA03,0.5,16,58,92,50,42,20,0.47619047619047616,70,0.7608695652173914,0.721057653427124
1n5uA03,0.5,17,59,92,51,41,16,0.3902439024390244,67,0.7282608695652174,0.721961259841919
1n5uA03,0.5,18,60,92,39,53,18,0.33962264150943394,57,0.6195652173913043,0.6419756412506104
1n5uA03,0.5,19,61,92,40,52,21,0.40384615384615385,61,0.6630434782608695,0.6725524067878723
1n5uA03,0.5,20,62,92,45,47,17,0.3617021276595745,62,0.6739130434782609,0.6595574617385864
1n5uA03,0.5,21,63,92,45,47,19,0.40425531914893614,64,0.6956521739130435,0.672452449798584
1n5uA03,0.5,22,64,92,48,44,18,0.4090909090909091,66,0.717391304347826,0.73017817735672
1n5uA03,0.5,23,65,92,52,40,8,0.2,60,0.6521739130434783,0.7167885899543762
1n5uA03,0.5,24,66,92,49,43,19,0.4418604651162791,68,0.7391304347826086,0.713537335395813
1n5uA03,0.8,0,42,92,72,20,10,0.5,82,0.8913043478260869,0.8614283204078674
1n5uA03,0.8,1,43,92,73,19,8,0.42105263157894735,81,0.8804347826086957,0.87278151512146
1n5uA03,0.8,2,44,92,75,17,8,0.47058823529411764,83,0.9021739130434783,0.8853937387466431
1n5uA03,0.8,3,45,92,80,12,7,0.5833333333333334,87,0.9456521739130435,0.9333380460739136
1n5uA03,0.8,4,46,92,70,22,11,0.5,81,0.8804347826086957,0.8719702959060669
1n5uA03,0.8,5,47,92,80,12,8,0.6666666666666666,88,0.9565217391304348,0.91875159740448
1n5uA03,0.8,6,48,92,73,19,7,0.3684210526315789,80,0.8695652173913043,0.8674120903015137
1n5uA03,0.8,7,49,92,69,23,9,0.391304347826087,78,0.8478260869565217,0.8469429016113281
1n5uA03,0.8,8,50,92,77,15,10,0.6666666666666666,87,0.9456521739130435,0.9030426144599915
1n5uA03,0.8,9,51,92,71,21,12,0.5714285714285714,83,0.9021739130434783,0.8507827520370483
1n5uA03,0.8,10,52,92,69,23,13,0.5652173913043478,82,0.8913043478260869,0.8384256958961487
1n5uA03,0.8,11,53,92,72,20,8,0.4,80,0.8695652173913043,0.8460832238197327
1n5uA03,0.8,12,54,92,72,20,9,0.45,81,0.8804347826086957,0.8694373369216919
1n5uA03,0.8,13,55,92,70,22,10,0.45454545454545453,80,0.8695652173913043,0.84744793176651
1n5uA03,0.8,14,56,92,80,12,9,0.75,89,0.967391304347826,0.9381340742111206
1n5uA03,0.8,15,57,92,71,21,9,0.42857142857142855,80,0.8695652173913043,0.8513332009315491
1n5uA03,0.8,16,58,92,69,23,11,0.4782608695652174,80,0.8695652173913043,0.8384291529655457
1n5uA03,0.8,17,59,92,71,21,7,0.3333333333333333,78,0.8478260869565217,0.8486444354057312
1n5uA03,0.8,18,60,92,67,25,11,0.44,78,0.8478260869565217,0.8284953832626343
1n5uA03,0.8,19,61,92,70,22,8,0.36363636363636365,78,0.8478260869565217,0.8528472185134888
1n5uA03,0.8,20,62,92,75,17,8,0.47058823529411764,83,0.9021739130434783,0.8796073198318481
1n5uA03,0.8,21,63,92,73,19,8,0.42105263157894735,81,0.8804347826086957,0.8651464581489563
1n5uA03,0.8,22,64,92,72,20,8,0.4,80,0.8695652173913043,0.8624415397644043
1n5uA03,0.8,23,65,92,80,12,2,0.16666666666666666,82,0.8913043478260869,0.9029028415679932
1n5uA03,0.8,24,66,92,77,15,9,0.6,86,0.9347826086956522,0.9132157564163208
4beuA02,0.0,0,42,217,0,217,91,0.41935483870967744,91,0.41935483870967744,0.5329520106315613
4beuA02,0.5,0,42,217,113,104,53,0.5096153846153846,166,0.7649769585253456,0.7720730900764465
4beuA02,0.5,1,43,217,110,107,55,0.514018691588785,165,0.7603686635944701,0.7489115595817566
4beuA02,0.5,2,44,217,103,114,56,0.49122807017543857,159,0.7327188940092166,0.7267509698867798
4beuA02,0.5,3,45,217,117,100,46,0.46,163,0.7511520737327189,0.7526787519454956
4beuA02,0.5,4,46,217,102,115,50,0.43478260869565216,152,0.7004608294930875,0.7356629371643066
4beuA02,0.5,5,47,217,124,93,52,0.5591397849462365,176,0.8110599078341014,0.778048038482666
4beuA02,0.5,6,48,217,100,117,55,0.4700854700854701,155,0.7142857142857143,0.730139434337616
4beuA02,0.5,7,49,217,113,104,47,0.4519230769230769,160,0.7373271889400922,0.7600128054618835
4beuA02,0.5,8,50,217,104,113,57,0.504424778761062,161,0.7419354838709677,0.7397938966751099
4beuA02,0.5,9,51,217,98,119,46,0.3865546218487395,144,0.663594470046083,0.7180286049842834
4beuA02,0.5,10,52,217,112,105,41,0.3904761904761905,153,0.7050691244239631,0.7379566431045532
4beuA02,0.5,11,53,217,113,104,45,0.4326923076923077,158,0.728110599078341,0.7468938231468201
4beuA02,0.5,12,54,217,109,108,47,0.4351851851851852,156,0.7188940092165899,0.7375917434692383
4beuA02,0.5,13,55,217,105,112,48,0.42857142857142855,153,0.7050691244239631,0.7213914394378662
4beuA02,0.5,14,56,217,119,98,51,0.5204081632653061,170,0.783410138248848,0.7801152467727661
4beuA02,0.5,15,57,217,113,104,44,0.4230769230769231,157,0.7235023041474654,0.7657913565635681
4beuA02,0.5,16,58,217,105,112,48,0.42857142857142855,153,0.7050691244239631,0.7230151891708374
4beuA02,0.5,17,59,217,123,94,39,0.4148936170212766,162,0.7465437788018433,0.7730067372322083
4beuA02,0.5,18,60,217,97,120,56,0.4666666666666667,153,0.7050691244239631,0.7144513726234436
4beuA02,0.5,19,61,217,102,115,51,0.4434782608695652,153,0.7050691244239631,0.7414628863334656
4beuA02,0.5,20,62,217,96,121,55,0.45454545454545453,151,0.695852534562212,0.7033566236495972
4beuA02,0.5,21,63,217,108,109,56,0.5137614678899083,164,0.7557603686635944,0.7575150728225708
4beuA02,0.5,22,64,217,107,110,54,0.4909090909090909,161,0.7419354838709677,0.7352929711341858
4beuA02,0.5,23,65,217,115,102,48,0.47058823529411764,163,0.7511520737327189,0.7702735662460327
4beuA02,0.5,24,66,217,113,104,46,0.4423076923076923,159,0.7327188940092166,0.7468857765197754
4beuA02,0.8,0,42,217,179,38,20,0.5263157894736842,199,0.9170506912442397,0.911743700504303
4beuA02,0.8,1,43,217,173,44,21,0.4772727272727273,194,0.8940092165898618,0.901782751083374
4beuA02,0.8,2,44,217,179,38,24,0.631578947368421,203,0.9354838709677419,0.9156505465507507
4beuA02,0.8,3,45,217,177,40,22,0.55,199,0.9170506912442397,0.9076262712478638
4beuA02,0.8,4,46,217,174,43,18,0.4186046511627907,192,0.8847926267281107,0.8954253792762756
4beuA02,0.8,5,47,217,178,39,22,0.5641025641025641,200,0.9216589861751152,0.912447452545166
4beuA02,0.8,6,48,217,170,47,23,0.48936170212765956,193,0.8894009216589862,0.8934803009033203
4beuA02,0.8,7,49,217,167,50,26,0.52,193,0.8894009216589862,0.8897210955619812
4beuA02,0.8,8,50,217,175,42,17,0.40476190476190477,192,0.8847926267281107,0.9041220545768738
4beuA02,0.8,9,51,217,165,52,23,0.4423076923076923,188,0.8663594470046083,0.8786898255348206
4beuA02,0.8,10,52,217,175,42,23,0.5476190476190477,198,0.9124423963133641,0.9023852348327637
4beuA02,0.8,11,53,217,163,54,22,0.4074074074074074,185,0.8525345622119815,0.8678405284881592
4beuA02,0.8,12,54,217,171,46,21,0.45652173913043476,192,0.8847926267281107,0.8915154933929443
4beuA02,0.8,13,55,217,171,46,16,0.34782608695652173,187,0.8617511520737328,0.8790467977523804
4beuA02,0.8,14,56,217,185,32,17,0.53125,202,0.9308755760368663,0.9324780702590942
4beuA02,0.8,15,57,217,174,43,24,0.5581395348837209,198,0.9124423963133641,0.9087345004081726
4beuA02,0.8,16,58,217,161,56,25,0.44642857142857145,186,0.8571428571428571,0.8645130395889282
4beuA02,0.8,17,59,217,176,41,18,0.43902439024390244,194,0.8940092165898618,0.9062871336936951
4beuA02,0.8,18,60,217,170,47,22,0.46808510638297873,192,0.8847926267281107,0.8894680142402649
4beuA02,0.8,19,61,217,173,44,17,0.38636363636363635,190,0.8755760368663594,0.8960833549499512
4beuA02,0.8,20,62,217,168,49,22,0.4489795918367347,190,0.8755760368663594,0.8804271221160889
4beuA02,0.8,21,63,217,170,47,30,0.6382978723404256,200,0.9216589861751152,0.9005682468414307
4beuA02,0.8,22,64,217,173,44,15,0.3409090909090909,188,0.8663594470046083,0.8954402208328247
4beuA02,0.8,23,65,217,183,34,14,0.4117647058823529,197,0.9078341013824884,0.9222819805145264
4beuA02,0.8,24,66,217,174,43,20,0.46511627906976744,194,0.8940092165898618,0.9000231623649597
4unuA00,0.0,0,42,109,0,109,47,0.43119266055045874,47,0.43119266055045874,0.46164485812187195
4unuA00,0.5,0,42,109,54,55,21,0.38181818181818183,75,0.6880733944954128,0.6907390356063843
4unuA00,0.5,1,43,109,51,58,22,0.3793103448275862,73,0.6697247706422018,0.706627607345581
4unuA00,0.5,2,44,109,49,60,25,0.4166666666666667,74,0.6788990825688074,0.705578625202179
4unuA00,0.5,3,45,109,60,49,15,0.30612244897959184,75,0.6880733944954128,0.7357723116874695
4unuA00,0.5,4,46,109,51,58,26,0.4482758620689655,77,0.7064220183486238,0.699677050113678
4unuA00,0.5,5,47,109,67,42,20,0.47619047619047616,87,0.7981651376146789,0.7824407815933228
4unuA00,0.5,6,48,109,47,62,25,0.4032258064516129,72,0.6605504587155964,0.6724465489387512
4unuA00,0.5,7,49,109,59,50,26,0.52,85,0.7798165137614679,0.7498270869255066
4unuA00,0.5,8,50,109,57,52,26,0.5,83,0.7614678899082569,0.7589629888534546
4unuA00,0.5,9,51,109,54,55,18,0.32727272727272727,72,0.6605504587155964,0.7203472852706909
4unuA00,0.5,10,52,109,53,56,27,0.48214285714285715,80,0.7339449541284404,0.7294952273368835
4unuA00,0.5,11,53,109,51,58,23,0.39655172413793105,74,0.6788990825688074,0.7136524319648743
4unuA00,0.5,12,54,109,55,54,23,0.42592592592592593,78,0.7155963302752294,0.6923887729644775
4unuA00,0.5,13,55,109,48,61,26,0.4262295081967213,74,0.6788990825688074,0.6745245456695557
4unuA00,0.5,14,56,109,56,53,20,0.37735849056603776,76,0.6972477064220184,0.7157858610153198
4unuA00,0.5,15,57,109,57,52,22,0.4230769230769231,79,0.7247706422018348,0.7323284149169922
4unuA00,0.5,16,58,109,58,51,24,0.47058823529411764,82,0.7522935779816514,0.7267647981643677
4unuA00,0.5,17,59,109,65,44,13,0.29545454545454547,78,0.7155963302752294,0.7428084015846252
4unuA00,0.5,18,60,109,50,59,28,0.4745762711864407,78,0.7155963302752294,0.6767077445983887
4unuA00,0.5,19,61,109,50,59,23,0.3898305084745763,73,0.6697247706422018,0.6867860555648804
4unuA00,0.5,20,62,109,57,52,24,0.46153846153846156,81,0.7431192660550459,0.7201577425003052
4unuA00,0.5,21,63,109,53,56,28,0.5,81,0.7431192660550459,0.7174499034881592
4unuA00,0.5,22,64,109,57,52,24,0.46153846153846156,81,0.7431192660550459,0.7310064435005188
4unuA00,0.5,23,65,109,59,50,18,0.36,77,0.7064220183486238,0.721227765083313
4unuA00,0.5,24,66,109,57,52,22,0.4230769230769231,79,0.7247706422018348,0.7162569165229797
4unuA00,0.8,0,42,109,87,22,8,0.36363636363636365,95,0.8715596330275229,0.8675332069396973
4unuA00,0.8,1,43,109,85,24,10,0.4166666666666667,95,0.8715596330275229,0.8779649138450623
4unuA00,0.8,2,44,109,87,22,10,0.45454545454545453,97,0.8899082568807339,0.895275890827179
4unuA00,0.8,3,45,109,95,14,4,0.2857142857142857,99,0.908256880733945,0.9143449664115906
4unuA00,0.8,4,46,109,84,25,9,0.36,93,0.8532110091743119,0.8580429553985596
4unuA00,0.8,5,47,109,91,18,9,0.5,100,0.9174311926605505,0.9042842388153076
4unuA00,0.8,6,48,109,86,23,10,0.43478260869565216,96,0.8807339449541285,0.8729196786880493
4unuA00,0.8,7,49,109,85,24,11,0.4583333333333333,96,0.8807339449541285,0.8686307668685913
4unuA00,0.8,8,50,109,91,18,6,0.3333333333333333,97,0.8899082568807339,0.9109775424003601
4unuA00,0.8,9,51,109,86,23,8,0.34782608695652173,94,0.8623853211009175,0.8775933980941772
4unuA00,0.8,10,52,109,82,27,13,0.48148148148148145,95,0.8715596330275229,0.8621048331260681
4unuA00,0.8,11,53,109,83,26,10,0.38461538461538464,93,0.8532110091743119,0.8727059364318848
4unuA00,0.8,12,54,109,85,24,8,0.3333333333333333,93,0.8532110091743119,0.8675341606140137
4unuA00,0.8,13,55,109,83,26,10,0.38461538461538464,93,0.8532110091743119,0.8521613478660583
4unuA00,0.8,14,56,109,96,13,4,0.3076923076923077,100,0.9174311926605505,0.9272986650466919
4unuA00,0.8,15,57,109,86,23,10,0.43478260869565216,96,0.8807339449541285,0.8816366195678711
4unuA00,0.8,16,58,109,81,28,14,0.5,95,0.8715596330275229,0.8607305288314819
4unuA00,0.8,17,59,109,87,22,6,0.2727272727272727,93,0.8532110091743119,0.8691785335540771
4unuA00,0.8,18,60,109,82,27,10,0.37037037037037035,92,0.8440366972477065,0.850540280342102
4unuA00,0.8,19,61,109,84,25,7,0.28,91,0.8348623853211009,0.8641420602798462
4unuA00,0.8,20,62,109,90,19,10,0.5263157894736842,100,0.9174311926605505,0.8999857902526855
4unuA00,0.8,21,63,109,86,23,10,0.43478260869565216,96,0.8807339449541285,0.8851054906845093
4unuA00,0.8,22,64,109,86,23,9,0.391304347826087,95,0.8715596330275229,0.8733769059181213
4unuA00,0.8,23,65,109,93,16,7,0.4375,100,0.9174311926605505,0.9167453646659851
4unuA00,0.8,24,66,109,92,17,5,0.29411764705882354,97,0.8899082568807339,0.9021077752113342
4z8jA00,0.0,0,42,96,0,96,45,0.46875,45,0.46875,0.5306047797203064
4z8jA00,0.5,0,42,96,44,52,24,0.46153846153846156,68,0.7083333333333334,0.7671592235565186
4z8jA00,0.5,1,43,96,45,51,25,0.49019607843137253,70,0.7291666666666666,0.7474281191825867
4z8jA00,0.5,2,44,96,42,54,27,0.5,69,0.71875,0.7110282778739929
4z8jA00,0.5,3,45,96,49,47,28,0.5957446808510638,77,0.8020833333333334,0.7630309462547302
4z8jA00,0.5,4,46,96,45,51,20,0.39215686274509803,65,0.6770833333333334,0.7350115180015564
4z8jA00,0.5,5,47,96,61,35,16,0.45714285714285713,77,0.8020833333333334,0.810767412185669
4z8jA00,0.5,6,48,96,43,53,24,0.4528301886792453,67,0.6979166666666666,0.7433972358703613
4z8jA00,0.5,7,49,96,54,42,13,0.30952380952380953,67,0.6979166666666666,0.7858702540397644
4z8jA00,0.5,8,50,96,50,46,20,0.43478260869565216,70,0.7291666666666666,0.7732892036437988
4z8jA00,0.5,9,51,96,43,53,21,0.39622641509433965,64,0.6666666666666666,0.7323300242424011
4z8jA00,0.5,10,52,96,47,49,20,0.40816326530612246,67,0.6979166666666666,0.742372989654541
4z8jA00,0.5,11,53,96,46,50,27,0.54,73,0.7604166666666666,0.7662742137908936
4z8jA00,0.5,12,54,96,48,48,25,0.5208333333333334,73,0.7604166666666666,0.7494482398033142
4z8jA00,0.5,13,55,96,42,54,23,0.42592592592592593,65,0.6770833333333334,0.7182774543762207
4z8jA00,0.5,14,56,96,48,48,18,0.375,66,0.6875,0.7573156356811523
4z8jA00,0.5,15,57,96,47,49,21,0.42857142857142855,68,0.7083333333333334,0.7421066164970398
4z8jA00,0.5,16,58,96,51,45,21,0.4666666666666667,72,0.75,0.7751097679138184
4z8jA00,0.5,17,59,96,54,42,18,0.42857142857142855,72,0.75,0.7932273149490356
4z8jA00,0.5,18,60,96,43,53,29,0.5471698113207547,72,0.75,0.7277493476867676
4z8jA00,0.5,19,61,96,42,54,25,0.46296296296296297,67,0.6979166666666666,0.7055591344833374
4z8jA00,0.5,20,62,96,49,47,21,0.44680851063829785,70,0.7291666666666666,0.7421850562095642
4z8jA00,0.5,21,63,96,48,48,23,0.4791666666666667,71,0.7395833333333334,0.7762446403503418
4z8jA00,0.5,22,64,96,49,47,21,0.44680851063829785,70,0.7291666666666666,0.7492431402206421
4z8jA00,0.5,23,65,96,54,42,21,0.5,75,0.78125,0.7989580035209656
4z8jA00,0.5,24,66,96,49,47,24,0.5106382978723404,73,0.7604166666666666,0.735521674156189
4z8jA00,0.8,0,42,96,75,21,12,0.5714285714285714,87,0.90625,0.9036045074462891
4z8jA00,0.8,1,43,96,75,21,12,0.5714285714285714,87,0.90625,0.9088244438171387
4z8jA00,0.8,2,44,96,79,17,9,0.5294117647058824,88,0.9166666666666666,0.9111249446868896
4z8jA00,0.8,3,45,96,83,13,9,0.6923076923076923,92,0.9583333333333334,0.9478170275688171
4z8jA00,0.8,4,46,96,73,23,8,0.34782608695652173,81,0.84375,0.8683006167411804
4z8jA00,0.8,5,47,96,83,13,6,0.46153846153846156,89,0.9270833333333334,0.9449064135551453
4z8jA00,0.8,6,48,96,77,19,11,0.5789473684210527,88,0.9166666666666666,0.9087753295898438
4z8jA00,0.8,7,49,96,73,23,11,0.4782608695652174,84,0.875,0.8761417865753174
4z8jA00,0.8,8,50,96,80,16,6,0.375,86,0.8958333333333334,0.9121086001396179
4z8jA00,0.8,9,51,96,74,22,8,0.36363636363636365,82,0.8541666666666666,0.8858773708343506
4z8jA00,0.8,10,52,96,72,24,9,0.375,81,0.84375,0.8695042133331299
4z8jA00,0.8,11,53,96,75,21,11,0.5238095238095238,86,0.8958333333333334,0.9019635915756226
4z8jA00,0.8,12,54,96,76,20,9,0.45,85,0.8854166666666666,0.8882451057434082
4z8jA00,0.8,13,55,96,73,23,11,0.4782608695652174,84,0.875,0.8811447024345398
4z8jA00,0.8,14,56,96,84,12,3,0.25,87,0.90625,0.9327077865600586
4z8jA00,0.8,15,57,96,74,22,10,0.45454545454545453,84,0.875,0.8758167028427124
4z8jA00,0.8,16,58,96,72,24,14,0.5833333333333334,86,0.8958333333333334,0.8827594518661499
4z8jA00,0.8,17,59,96,75,21,7,0.3333333333333333,82,0.8541666666666666,0.875299870967865
4z8jA00,0.8,18,60,96,71,25,15,0.6,86,0.8958333333333334,0.8794068098068237
4z8jA00,0.8,19,61,96,73,23,8,0.34782608695652173,81,0.84375,0.862410306930542
4z8jA00,0.8,20,62,96,79,17,9,0.5294117647058824,88,0.9166666666666666,0.9169994592666626
4z8jA00,0.8,21,63,96,76,20,8,0.4,84,0.875,0.8944824934005737
4z8jA00,0.8,22,64,96,73,23,10,0.43478260869565216,83,0.8645833333333334,0.8713290095329285
4z8jA00,0.8,23,65,96,82,14,7,0.5,89,0.9270833333333334,0.9446495771408081
4z8jA00,0.8,24,66,96,79,17,8,0.47058823529411764,87,0.90625,0.8963538408279419
3fndA02,0.0,0,42,44,0,44,8,0.18181818181818182,8,0.18181818181818182,0.36985260248184204
3fndA02,0.5,0,42,44,18,26,7,0.2692307692307692,25,0.5681818181818182,0.5719812512397766
3fndA02,0.5,1,43,44,21,23,8,0.34782608695652173,29,0.6590909090909091,0.6236196756362915
3fndA02,0.5,2,44,44,20,24,6,0.25,26,0.5909090909090909,0.6483792066574097
3fndA02,0.5,3,45,44,22,22,7,0.3181818181818182,29,0.6590909090909091,0.651177704334259
3fndA02,0.5,4,46,44,20,24,6,0.25,26,0.5909090909090909,0.63010573387146
3fndA02,0.5,5,47,44,29,15,3,0.2,32,0.7272727272727273,0.7419905662536621
3fndA02,0.5,6,48,44,19,25,7,0.28,26,0.5909090909090909,0.6193731427192688
3fndA02,0.5,7,49,44,26,18,5,0.2777777777777778,31,0.7045454545454546,0.7008042335510254
3fndA02,0.5,8,50,44,28,16,6,0.375,34,0.7727272727272727,0.7371678948402405
3fndA02,0.5,9,51,44,21,23,5,0.21739130434782608,26,0.5909090909090909,0.6289456486701965
3fndA02,0.5,10,52,44,19,25,7,0.28,26,0.5909090909090909,0.6232095956802368
3fndA02,0.5,11,53,44,23,21,6,0.2857142857142857,29,0.6590909090909091,0.6603102684020996
3fndA02,0.5,12,54,44,19,25,7,0.28,26,0.5909090909090909,0.6195184588432312
3fndA02,0.5,13,55,44,19,25,7,0.28,26,0.5909090909090909,0.593102753162384
3fndA02,0.5,14,56,44,21,23,7,0.30434782608695654,28,0.6363636363636364,0.6145368218421936
3fndA02,0.5,15,57,44,23,21,6,0.2857142857142857,29,0.6590909090909091,0.6468686461448669
3fndA02,0.5,16,58,44,26,18,6,0.3333333333333333,32,0.7272727272727273,0.7234413623809814
3fndA02,0.5,17,59,44,22,22,6,0.2727272727272727,28,0.6363636363636364,0.6626576781272888
3fndA02,0.5,18,60,44,20,24,9,0.375,29,0.6590909090909091,0.6392821669578552
3fndA02,0.5,19,61,44,16,28,7,0.25,23,0.5227272727272727,0.5603120923042297
3fndA02,0.5,20,62,44,17,27,5,0.18518518518518517,22,0.5,0.5713281631469727
3fndA02,0.5,21,63,44,21,23,6,0.2608695652173913,27,0.6136363636363636,0.6311216354370117
3fndA02,0.5,22,64,44,25,19,7,0.3684210526315789,32,0.7272727272727273,0.6976310610771179
3fndA02,0.5,23,65,44,25,19,4,0.21052631578947367,29,0.6590909090909091,0.6783585548400879
3fndA02,0.5,24,66,44,21,23,6,0.2608695652173913,27,0.6136363636363636,0.6724925637245178
3fndA02,0.8,0,42,44,31,13,2,0.15384615384615385,33,0.75,0.7767297625541687
3fndA02,0.8,1,43,44,35,9,3,0.3333333333333333,38,0.8636363636363636,0.8647392988204956
3fndA02,0.8,2,44,44,36,8,3,0.375,39,0.8863636363636364,0.8733569979667664
3fndA02,0.8,3,45,44,38,6,3,0.5,41,0.9318181818181818,0.9133649468421936
3fndA02,0.8,4,46,44,33,11,5,0.45454545454545453,38,0.8636363636363636,0.8269922137260437
3fndA02,0.8,5,47,44,39,5,1,0.2,40,0.9090909090909091,0.9081130027770996
3fndA02,0.8,6,48,44,36,8,2,0.25,38,0.8636363636363636,0.8636517524719238
3fndA02,0.8,7,49,44,34,10,3,0.3,37,0.8409090909090909,0.8302376866340637
3fndA02,0.8,8,50,44,40,4,3,0.75,43,0.9772727272727273,0.9368559718132019
3fndA02,0.8,9,51,44,33,11,2,0.18181818181818182,35,0.7954545454545454,0.8209695219993591
3fndA02,0.8,10,52,44,32,12,7,0.5833333333333334,39,0.8863636363636364,0.8163430094718933
3fndA02,0.8,11,53,44,36,8,2,0.25,38,0.8636363636363636,0.8618752956390381
3fndA02,0.8,12,54,44,33,11,4,0.36363636363636365,37,0.8409090909090909,0.8176218867301941
3fndA02,0.8,13,55,44,34,10,2,0.2,36,0.8181818181818182,0.8246220946311951
3fndA02,0.8,14,56,44,40,4,2,0.5,42,0.9545454545454546,0.925173282623291
3fndA02,0.8,15,57,44,38,6,3,0.5,41,0.9318181818181818,0.9000117778778076
3fndA02,0.8,16,58,44,33,11,2,0.18181818181818182,35,0.7954545454545454,0.8253567814826965
3fndA02,0.8,17,59,44,32,12,7,0.5833333333333334,39,0.8863636363636364,0.8306838274002075
3fndA02,0.8,18,60,44,35,9,3,0.3333333333333333,38,0.8636363636363636,0.8575761318206787
3fndA02,0.8,19,61,44,29,15,4,0.26666666666666666,33,0.75,0.7559186816215515
3fndA02,0.8,20,62,44,33,11,3,0.2727272727272727,36,0.8181818181818182,0.816691517829895
3fndA02,0.8,21,63,44,36,8,2,0.25,38,0.8636363636363636,0.8579400777816772
3fndA02,0.8,22,64,44,36,8,2,0.25,38,0.8636363636363636,0.8531752824783325
3fndA02,0.8,23,65,44,38,6,1,0.16666666666666666,39,0.8863636363636364,0.8922510147094727
3fndA02,0.8,24,66,44,36,8,1,0.125,37,0.8409090909090909,0.8850867748260498
5vli02,0.0,0,42,39,0,39,18,0.46153846153846156,18,0.46153846153846156,0.3785439431667328
5vli02,0.5,0,42,39,16,23,10,0.43478260869565216,26,0.6666666666666666,0.6466600298881531
5vli02,0.5,1,43,39,18,21,9,0.42857142857142855,27,0.6923076923076923,0.6629924178123474
5vli02,0.5,2,44,39,17,22,12,0.5454545454545454,29,0.7435897435897436,0.650431752204895
5vli02,0.5,3,45,39,19,20,7,0.35,26,0.6666666666666666,0.655434787273407
5vli02,0.5,4,46,39,17,22,11,0.5,28,0.717948717948718,0.645866334438324
5vli02,0.5,5,47,39,25,14,8,0.5714285714285714,33,0.8461538461538461,0.7666915655136108
5vli02,0.5,6,48,39,18,21,8,0.38095238095238093,26,0.6666666666666666,0.6264368295669556
5vli02,0.5,7,49,39,24,15,9,0.6,33,0.8461538461538461,0.7947332262992859
5vli02,0.5,8,50,39,25,14,7,0.5,32,0.8205128205128205,0.7614187002182007
5vli02,0.5,9,51,39,19,20,8,0.4,27,0.6923076923076923,0.6659868955612183
5vli02,0.5,10,52,39,16,23,11,0.4782608695652174,27,0.6923076923076923,0.6220185160636902
5vli02,0.5,11,53,39,20,19,11,0.5789473684210527,31,0.7948717948717948,0.7345002293586731
5vli02,0.5,12,54,39,17,22,11,0.5,28,0.717948717948718,0.6651167273521423
5vli02,0.5,13,55,39,18,21,10,0.47619047619047616,28,0.717948717948718,0.6941496133804321
5vli02,0.5,14,56,39,19,20,8,0.4,27,0.6923076923076923,0.6922591924667358
5vli02,0.5,15,57,39,20,19,7,0.3684210526315789,27,0.6923076923076923,0.6708769202232361
5vli02,0.5,16,58,39,21,18,10,0.5555555555555556,31,0.7948717948717948,0.7057211399078369
5vli02,0.5,17,59,39,20,19,6,0.3157894736842105,26,0.6666666666666666,0.6824831962585449
5vli02,0.5,18,60,39,20,19,10,0.5263157894736842,30,0.7692307692307693,0.7151671051979065
5vli02,0.5,19,61,39,13,26,12,0.46153846153846156,25,0.6410256410256411,0.5844319462776184
5vli02,0.5,20,62,39,16,23,10,0.43478260869565216,26,0.6666666666666666,0.6486442685127258
5vli02,0.5,21,63,39,18,21,8,0.38095238095238093,26,0.6666666666666666,0.6667629480361938
5vli02,0.5,22,64,39,22,17,5,0.29411764705882354,27,0.6923076923076923,0.6891056299209595
5vli02,0.5,23,65,39,22,17,9,0.5294117647058824,31,0.7948717948717948,0.70924311876297
5vli02,0.5,24,66,39,19,20,4,0.2,23,0.5897435897435898,0.6636173129081726
5vli02,0.8,0,42,39,27,12,5,0.4166666666666667,32,0.8205128205128205,0.7920433878898621
5vli02,0.8,1,43,39,31,8,4,0.5,35,0.8974358974358975,0.8808001279830933
5vli02,0.8,2,44,39,31,8,3,0.375,34,0.8717948717948718,0.8548145890235901
5vli02,0.8,3,45,39,33,6,1,0.16666666666666666,34,0.8717948717948718,0.8871700763702393
5vli02,0.8,4,46,39,28,11,5,0.45454545454545453,33,0.8461538461538461,0.8100449442863464
5vli02,0.8,5,47,39,34,5,2,0.4,36,0.9230769230769231,0.9253857135772705
5vli02,0.8,6,48,39,33,6,2,0.3333333333333333,35,0.8974358974358975,0.8830971717834473
5vli02,0.8,7,49,39,31,8,4,0.5,35,0.8974358974358975,0.8986619114875793
5vli02,0.8,8,50,39,37,2,0,0.0,37,0.9487179487179487,0.9591022729873657
5vli02,0.8,9,51,39,29,10,4,0.4,33,0.8461538461538461,0.8447837233543396
5vli02,0.8,10,52,39,28,11,4,0.36363636363636365,32,0.8205128205128205,0.8136727809906006
5vli02,0.8,11,53,39,33,6,3,0.5,36,0.9230769230769231,0.9056795835494995
5vli02,0.8,12,54,39,29,10,7,0.7,36,0.9230769230769231,0.8400387763977051
5vli02,0.8,13,55,39,30,9,4,0.4444444444444444,34,0.8717948717948718,0.8615021705627441
5vli02,0.8,14,56,39,35,4,2,0.5,37,0.9487179487179487,0.9402995109558105
5vli02,0.8,15,57,39,35,4,1,0.25,36,0.9230769230769231,0.9458138942718506
5vli02,0.8,16,58,39,28,11,7,0.6363636363636364,35,0.8974358974358975,0.8290711641311646
5vli02,0.8,17,59,39,29,10,1,0.1,30,0.7692307692307693,0.818918764591217
5vli02,0.8,18,60,39,31,8,5,0.625,36,0.9230769230769231,0.879673421382904
5vli02,0.8,19,61,39,26,13,6,0.46153846153846156,32,0.8205128205128205,0.7820780873298645
5vli02,0.8,20,62,39,29,10,3,0.3,32,0.8205128205128205,0.8239819407463074
5vli02,0.8,21,63,39,32,7,3,0.42857142857142855,35,0.8974358974358975,0.9043017625808716
5vli02,0.8,22,64,39,32,7,4,0.5714285714285714,36,0.9230769230769231,0.8920509219169617
5vli02,0.8,23,65,39,33,6,4,0.6666666666666666,37,0.9487179487179487,0.9097104072570801
5vli02,0.8,24,66,39,32,7,1,0.14285714285714285,33,0.8461538461538461,0.8720057606697083
1UBQ,0.0,0,42,76,0,76,31,0.40789473684210525,31,0.40789473684210525,0.4082522392272949
1UBQ,0.5,0,42,76,34,42,15,0.35714285714285715,49,0.6447368421052632,0.6660668253898621
1UBQ,0.5,1,43,76,36,40,14,0.35,50,0.6578947368421053,0.6817000508308411
1UBQ,0.5,2,44,76,34,42,20,0.47619047619047616,54,0.7105263157894737,0.6716543436050415
1UBQ,0.5,3,45,76,37,39,16,0.41025641025641024,53,0.6973684210526315,0.6946002840995789
1UBQ,0.5,4,46,76,35,41,17,0.4146341463414634,52,0.6842105263157895,0.6791391372680664
1UBQ,0.5,5,47,76,50,26,12,0.46153846153846156,62,0.8157894736842105,0.798488438129425
1UBQ,0.5,6,48,76,30,46,13,0.2826086956521739,43,0.5657894736842105,0.6268705129623413
1UBQ,0.5,7,49,76,44,32,11,0.34375,55,0.7236842105263158,0.7233035564422607
1UBQ,0.5,8,50,76,45,31,13,0.41935483870967744,58,0.7631578947368421,0.760323703289032
1UBQ,0.5,9,51,76,34,42,17,0.40476190476190477,51,0.6710526315789473,0.6870455741882324
1UBQ,0.5,10,52,76,35,41,16,0.3902439024390244,51,0.6710526315789473,0.6803396940231323
1UBQ,0.5,11,53,76,40,36,16,0.4444444444444444,56,0.7368421052631579,0.6991913318634033
1UBQ,0.5,12,54,76,36,40,16,0.4,52,0.6842105263157895,0.6984220147132874
1UBQ,0.5,13,55,76,34,42,19,0.4523809523809524,53,0.6973684210526315,0.6628947854042053
1UBQ,0.5,14,56,76,37,39,14,0.358974358974359,51,0.6710526315789473,0.6951702833175659
1UBQ,0.5,15,57,76,38,38,12,0.3157894736842105,50,0.6578947368421053,0.7106658220291138
1UBQ,0.5,16,58,76,43,33,15,0.45454545454545453,58,0.7631578947368421,0.7475636005401611
1UBQ,0.5,17,59,76,40,36,15,0.4166666666666667,55,0.7236842105263158,0.7157829403877258
1UBQ,0.5,18,60,76,33,43,18,0.4186046511627907,51,0.6710526315789473,0.6527478694915771
1UBQ,0.5,19,61,76,33,43,18,0.4186046511627907,51,0.6710526315789473,0.660010039806366
1UBQ,0.5,20,62,76,37,39,16,0.41025641025641024,53,0.6973684210526315,0.6911574006080627
1UBQ,0.5,21,63,76,37,39,14,0.358974358974359,51,0.6710526315789473,0.6902634501457214
1UBQ,0.5,22,64,76,43,33,8,0.24242424242424243,51,0.6710526315789473,0.7219076752662659
1UBQ,0.5,23,65,76,42,34,13,0.38235294117647056,55,0.7236842105263158,0.7211981415748596
1UBQ,0.5,24,66,76,40,36,14,0.3888888888888889,54,0.7105263157894737,0.708856463432312
1UBQ,0.8,0,42,76,58,18,6,0.3333333333333333,64,0.8421052631578947,0.843895673751831
1UBQ,0.8,1,43,76,60,16,4,0.25,64,0.8421052631578947,0.8725395202636719
1UBQ,0.8,2,44,76,65,11,4,0.36363636363636365,69,0.9078947368421053,0.9247640371322632
1UBQ,0.8,3,45,76,65,11,3,0.2727272727272727,68,0.8947368421052632,0.9155368804931641
1UBQ,0.8,4,46,76,59,17,6,0.35294117647058826,65,0.8552631578947368,0.864421546459198
1UBQ,0.8,5,47,76,66,10,3,0.3,69,0.9078947368421053,0.9156825542449951
1UBQ,0.8,6,48,76,60,16,4,0.25,64,0.8421052631578947,0.8717462420463562
1UBQ,0.8,7,49,76,57,19,6,0.3157894736842105,63,0.8289473684210527,0.820288360118866
1UBQ,0.8,8,50,76,66,10,2,0.2,68,0.8947368421052632,0.9189543724060059
1UBQ,0.8,9,51,76,60,16,8,0.5,68,0.8947368421052632,0.8948779702186584
1UBQ,0.8,10,52,76,56,20,10,0.5,66,0.868421052631579,0.8319109082221985
1UBQ,0.8,11,53,76,62,14,5,0.35714285714285715,67,0.881578947368421,0.8808481097221375
1UBQ,0.8,12,54,76,57,19,8,0.42105263157894735,65,0.8552631578947368,0.8628188967704773
1UBQ,0.8,13,55,76,59,17,7,0.4117647058823529,66,0.868421052631579,0.8728089928627014
1UBQ,0.8,14,56,76,66,10,4,0.4,70,0.9210526315789473,0.9279779195785522
1UBQ,0.8,15,57,76,59,17,4,0.23529411764705882,63,0.8289473684210527,0.8684843182563782
1UBQ,0.8,16,58,76,56,20,8,0.4,64,0.8421052631578947,0.8487256765365601
1UBQ,0.8,17,59,76,56,20,9,0.45,65,0.8552631578947368,0.843000590801239
1UBQ,0.8,18,60,76,56,20,6,0.3,62,0.8157894736842105,0.8348835706710815
1UBQ,0.8,19,61,76,58,18,6,0.3333333333333333,64,0.8421052631578947,0.8538537621498108
1UBQ,0.8,20,62,76,61,15,7,0.4666666666666667,68,0.8947368421052632,0.8862021565437317
1UBQ,0.8,21,63,76,63,13,7,0.5384615384615384,70,0.9210526315789473,0.9019239544868469
1UBQ,0.8,22,64,76,62,14,5,0.35714285714285715,67,0.881578947368421,0.8871028423309326
1UBQ,0.8,23,65,76,67,9,3,0.3333333333333333,70,0.9210526315789473,0.92739337682724
1UBQ,0.8,24,66,76,65,11,5,0.45454545454545453,70,0.9210526315789473,0.928215742111206
