library,domain,feature,corr,pvalue,corr_conf_lower,corr_conf_upper
rd1,EEHEE,network_score,0.01806,0.546002,0.058621,0.058497
rd1,EEHEE,talaris2013_score,0.060169,0.044092,0.058572,0.058161
rd1,EEHEE,betanov15_score,0.000672,0.982077,0.05858,0.058575
rd1,EHEE,network_score,0.074328,0.020344,0.062763,0.062179
rd1,EHEE,talaris2013_score,-0.057332,0.073705,0.062385,0.062836
rd1,HEEH,network_score,0.14251,8e-06,0.063124,0.061751
rd1,HEEH,talaris2013_score,0.089421,0.005574,0.063345,0.062725
rd1,HHH,network_score,0.285412,1.25e-18,0.064512,0.059124
rd1,HHH,talaris2013_score,0.194512,3.41e-09,0.065124,0.061102
rd2,EEHEE,network_score,0.112451,0.0012,0.055,0.055
rd2,EEHEE,talaris2013_score,0.085124,0.015,0.055,0.055
rd2,EHEE,network_score,0.165421,0.0001,0.058,0.058
rd2,HEEH,network_score,0.215412,1.2e-06,0.06,0.06
rd2,HHH,network_score,0.34512,4.5e-22,0.061,0.057
rd3,EEHEE,network_score,0.14512,0.0002,0.054,0.054
rd3,EHEE,network_score,0.201542,2.1e-05,0.056,0.056
rd3,HEEH,network_score,0.26412,3.4e-09,0.058,0.056
rd3,HHH,network_score,0.381254,1.1e-26,0.059,0.054
rd4,EEHEE,network_score,-0.1421,0.0005,0.052,0.052
rd4,EEHEE,talaris2013_score,-0.4012,1.1e-08,0.055,0.055
rd4,EHEE,network_score,0.24512,4.2e-07,0.054,0.053
rd4,HEEH,network_score,0.312541,5.6e-12,0.055,0.052
rd4,HHH,network_score,0.4215,8.9e-31,0.056,0.051
