target,element,ref_mean,ref_sem,des_mean,des_sem,delta_mean,ttest_pvalue
1n5u,Helix1,0.19133333333333336,0.0070796264810448215,0.18713333333333335,0.00516795682816505,0.004200000000000009,0.6568388344812065
1n5u,Helix2,0.10563333333333334,0.0010137937550497044,0.11170000000000001,0.0033709543653590657,0.006066666666666665,0.1599058841263103
1n5u,Anti1,0.011066666666666669,0.002994068209718083,0.003833333333333333,0.0038333333333333336,0.007233333333333336,0.21119398070944792
1n5u,Anti2,0.050833333333333335,0.008479845386431156,0.06256666666666667,0.0032773634389721123,0.011733333333333339,0.2663780115807145
1n5u,Anti3,0.0931,0.01398654114973868,0.08223333333333332,0.004290428624016229,0.010866666666666677,0.4988702329112028
1n5u,Para,0.03833333333333333,0.005786286469844982,0.0472,0.003951371070063319,0.008866666666666669,0.27440312734914685
1n5u,Turn,0.1339,0.006459360133429115,0.12943333333333332,0.0011666666666666676,0.004466666666666674,0.5335430033568406
1n5u,Others,0.3757333333333333,0.0012142670400058088,0.37589999999999996,0.004215843134336635,0.0001666666666666483,0.9715167743874391
4beu,Helix1,0.1026,0.0,0.0799,0.0,0.022699999999999998,
4beu,Helix2,0.0583,0.0,0.0855,0.0,0.02720000000000001,
4beu,Anti1,0.06480000000000001,0.0,0.018799999999999997,0.0,0.04600000000000001,
4beu,Anti2,0.1225,0.0,0.084,0.0,0.03849999999999999,
4beu,Anti3,0.0975,0.0,0.1023,0.0,0.004799999999999999,
4beu,Para,0.042800000000000005,0.0,0.0,0.0,0.042800000000000005,
4beu,Turn,0.1272,0.0,0.1689,0.0,0.04169999999999999,
4beu,Others,0.38420000000000004,0.0,0.4606,0.0,0.07639999999999997,
